url,obtainable_from,old_first_status,old_final_status,new_status,kind,wayback_first_200,wayback_last_200,linked_from_new_pages,note
/2010/cheatsheet.html,wayback-only,404,404,404,/2010/*.html,20101010,20120207,3,
/2010/info/,old-server,200,200,404,/2010/info/,20100807,20101007,,
/2010/info/social.html,wayback-only,404,404,404,/2010/info/*.html,20101012,20120208,,
/2010/info/yapcasia-2010.html,wayback-only,404,404,404,/2010/info/*.html,20101028,20101028,2,
/2010/info/yapcasia-reselling.html,wayback-only,404,404,404,/2010/info/*.html,20101004,20120207,2,
/2010/info/yapcasia-sponsored.html,wayback-only,404,404,404,/2010/info/*.html,20100829,20120208,2,
/2010/info/yapcasia-tokyo-2010-lt.html,wayback-only,404,404,404,/2010/info/*.html,20100805,20100805,2,
/2010/info/yapcasia2010-tshirts.html,wayback-only,404,404,404,/2010/info/*.html,20101010,20120208,,
/2010/news/yapcasia-tokyo-2010-blog.html,old-server,200,200,404,/2010/news/*.html,20100807,20100807,,
/2010/order,wayback-only,404,404,404,/2010/order,20100910,20100910,,
/2010/order/check,wayback-only,404,404,404,/2010/order/check,20100910,20100910,,
/2010/order/view/GET8ARhJa6pa,wayback-only,404,404,404,/2010/order/view/GET8ARhJa6pa,20101004,20101004,,
/2010/post.html,wayback-only,404,404,404,/2010/*.html,20101012,20120207,,
/2010/qr.html,wayback-only,404,404,404,/2010/*.html,20120204,20120208,,
/2010/talks-still-wanted-and-prize-announcement.html,wayback-only,404,404,404,/2010/*.html,20100829,20120208,,
/2010/talks/63D64FBA-BC8C-11DF-8791-B9FC0F276C45,wayback-only,404,404,404,/2010/talks/63D64FBA-BC8C-11DF-8791-B9FC0F276C45,20100919,20100919,,
/2010/talks/63D7BA3A-BC8C-11DF-8791-B9FC0F276C45,wayback-only,404,404,404,/2010/talks/63D7BA3A-BC8C-11DF-8791-B9FC0F276C45,20101004,20101004,,
/2010/talks/63D7CA98-BC8C-11DF-8791-B9FC0F276C45,wayback-only,404,404,404,/2010/talks/63D7CA98-BC8C-11DF-8791-B9FC0F276C45,20101004,20101004,,
/2010/tells-us-your-yapcasia-experience.html,wayback-only,404,404,404,/2010/*.html,20101022,20120208,,
/2010/thanks-for-the-talk-sbumissions.html,wayback-only,404,404,404,/2010/*.html,20120204,20120207,,
/2010/tickets.html,wayback-only,404,404,404,/2010/*.html,20100910,20111010,4,
/2010/tickets_en.html,wayback-only,404,404,404,/2010/*.html,20100911,20100911,4,
/2010/yapcasia-deadline.html,wayback-only,404,404,404,/2010/*.html,20101012,20120208,,
/2010/yapcasia-en-group-opened-for-foreign-visitors.html,wayback-only,404,404,404,/2010/*.html,20120204,20120207,,
/2010/yapcasia-on-android.html,wayback-only,404,404,404,/2010/*.html,20120204,20120207,,
/2010/yapcasia-pre-conference-meetup-yapcasia.html,wayback-only,404,404,404,/2010/*.html,20120204,20120208,,
/2010/yapcasia-tickets.html,wayback-only,404,404,404,/2010/*.html,20120204,20120208,,
/2010/yapcasia-tokyo-2010-talk-timetable-announced.html,wayback-only,404,404,404,/2010/*.html,20100919,20120208,,
/2011/en/,wayback-only,404,404,404,/2011/en/,20110615,20111231,,
/2011/news/post.html,old-server,200,200,404,/2011/news/*.html,20110528,20120307,,
/2011/news/yapcasia-2011-call-for-papers.html,old-server,200,200,404,/2011/news/*.html,20111231,20221226,,
/2011/news/yapcasia-2011-evolution.html,old-server,200,200,404,/2011/news/*.html,20110528,20111004,,
/2011/news/yapcasia-2011-logo.html,old-server,200,200,404,/2011/news/*.html,20111004,20120307,,
/2011/news/yapcasia-2011-prize.html,old-server,200,200,404,/2011/news/*.html,20111004,20221204,,
/2011/news/yapcasia-2011-sponsor.html,old-server,200,200,404,/2011/news/*.html,20110717,20111231,,
/2011/news/yapcasia-special.html,old-server,200,200,404,/2011/news/*.html,20111005,20111231,,
/2011/news/yapcasia-tokyo-2011.html,old-server,200,200,404,/2011/news/*.html,20110527,20120307,,
/2011/news/yapcasia-volunteer.html,old-server,200,200,404,/2011/news/*.html,20110613,20120307,,
/2011/talk/signin?lang=ja,wayback-only,404,404,404,/2011/talk/signin?Q,20111007,20111215,911,
/2011/ticket/,wayback-only,404,404,404,/2011/ticket/,20111016,20111016,11,
/2011/ticket/?lang=ja,wayback-only,404,404,404,/2011/ticket/?Q,20111005,20111005,911,
/2012/login,wayback-only,404,404,404,/2012/login,20120604,20130323,,認証・投稿系(動的)
/2012/member/show/0f9c5310-abf8-11e1-b4e5-22926aeab6a4,wayback-only,404,404,404,/2012/member/show/UUID,20120930,20130222,11,
/2012/member/show/1486d762-ac41-11e1-8ef2-22926aeab6a4,wayback-only,404,404,404,/2012/member/show/UUID,20120615,20120615,,
/2012/member/show/49c20be6-b041-11e1-909a-ef7b6aeab6a4,wayback-only,404,404,404,/2012/member/show/UUID,20120615,20120615,,
/2012/member/show/fb838c34-abf4-11e1-ab7d-22926aeab6a4,wayback-only,404,404,404,/2012/member/show/UUID,20120614,20120614,,
/2012/talk/show/42fa792e-ae70-11e1-8d60-f4736aeab6a4,wayback-only,404,404,404,/2012/talk/show/UUID,20120613,20120613,,
/2012/talk/show/5d0925a0-ac44-11e1-bba7-22926aeab6a4,wayback-only,404,404,404,/2012/talk/show/UUID,20120605,20120605,,
/2012/talk/show/ae3e5104-b043-11e1-a3f9-ef7b6aeab6a4,wayback-only,404,404,404,/2012/talk/show/UUID,20120613,20120613,,
/2013/event/list,wayback-only,404,404,404,/2013/event/list,20130627,20140802,11,
/2013/event/show/381406f6-e45c-11e2-ba88-5f716aeab6a4,wayback-only,404,404,404,/2013/event/show/UUID,20130707,20130707,,
/2013/event/show/bfc556ec-eab8-11e2-ba88-5f716aeab6a4,wayback-only,404,404,404,/2013/event/show/UUID,20140823,20140823,7,
/2013/individual_sponsors,wayback-only,404,404,404,/2013/individual_sponsors,20130617,20140812,3,
/2013/individual_sponsors/,wayback-only,404,404,404,/2013/individual_sponsors/,20130613,20140802,368,
/2013/login,wayback-only,404,404,404,/2013/login,20130611,20140802,,認証・投稿系(動的)
/2013/member/show/0ca5e8ce-c8c1-11e2-a1f8-59856aeab6a4,wayback-only,404,404,404,/2013/member/show/UUID,20130611,20130611,12,
/2013/member/show/1a1de95a-c69d-11e2-80df-039a6aeab6a4,wayback-only,404,404,404,/2013/member/show/UUID,20130611,20130906,14,
/2013/member/show/2bed3bd6-e15f-11e2-8f00-96816aeab6a4,wayback-only,404,404,404,/2013/member/show/UUID,20131226,20131226,12,
/2013/member/show/374bb0ca-e236-11e2-8767-0fa16aeab6a4,wayback-only,404,404,404,/2013/member/show/UUID,20130923,20130923,13,
/2013/member/show/42fa605e-b23b-11e2-b224-5e5c6aeab6a4,wayback-only,404,404,404,/2013/member/show/UUID,20130617,20130817,53,
/2013/member/show/554073a8-c69e-11e2-80df-039a6aeab6a4,wayback-only,404,404,404,/2013/member/show/UUID,20130702,20130702,14,
/2013/member/show/661ad47a-c69e-11e2-80df-039a6aeab6a4,wayback-only,404,404,404,/2013/member/show/UUID,20130709,20130923,20,
/2013/member/show/6aca2af2-ead4-11e2-ba88-5f716aeab6a4,wayback-only,404,404,404,/2013/member/show/UUID,20130726,20130726,,
/2013/member/show/908b71a6-c69e-11e2-80df-039a6aeab6a4,wayback-only,404,404,404,/2013/member/show/UUID,20130629,20130629,10,
/2013/member/show/90c697e8-eae0-11e2-ba88-5f716aeab6a4,wayback-only,404,404,404,/2013/member/show/UUID,20130718,20130718,13,
/2013/member/show/c836d440-c9cf-11e2-8893-6cac6aeab6a4,wayback-only,404,404,404,/2013/member/show/UUID,20130925,20130925,15,
/2013/member/show/ccbbf91a-c8c0-11e2-a1f8-59856aeab6a4,wayback-only,404,404,404,/2013/member/show/UUID,20130915,20130915,,
/2013/member/show/d0750ad2-e194-11e2-8767-0fa16aeab6a4,wayback-only,404,404,404,/2013/member/show/UUID,20130923,20130923,12,
/2013/member/show/d73b797e-c852-11e2-a1f8-59856aeab6a4,wayback-only,404,404,404,/2013/member/show/UUID,20130705,20130817,12,
/2013/member/show/f7602b82-d950-11e2-971a-72936aeab6a4,wayback-only,404,404,404,/2013/member/show/UUID,20140802,20140802,12,
/2013/notices/complete,wayback-only,404,404,404,/2013/notices/complete,20130321,20130321,,
/2013/notices/subscribe,wayback-only,404,404,404,/2013/notices/subscribe,20130305,20130522,8,
/2013/talk/schedule,wayback-only,404,404,404,/2013/talk/schedule,20251126,20251126,,
/2013/talk/show/04562cd0-c8e7-11e2-8893-6cac6aeab6a4,old-server,200,200,404,/2013/talk/show/UUID,20130923,20130923,,
/2013/talk/show/35169ea4-c8c4-11e2-a1f8-59856aeab6a4,wayback-only,404,404,404,/2013/talk/show/UUID,20130914,20130914,,
/2013/talk/show/526e0c64-eadc-11e2-ba88-5f716aeab6a4,wayback-only,404,404,404,/2013/talk/show/UUID,20130725,20130725,,
/2013/talk/show/642035d4-eafc-11e2-ba88-5f716aeab6a4,wayback-only,404,404,404,/2013/talk/show/UUID,20140930,20140930,,
/2013/talk/show/7baa4246-c6ba-11e2-80df-039a6aeab6a4,old-server,200,200,404,/2013/talk/show/UUID,20131002,20131002,,
/2013/talk/show/b3cd7e88-daef-11e2-8f00-96816aeab6a4,old-server,200,200,404,/2013/talk/show/UUID,20130701,20130701,,
/2013/talk/show/f023c72c-dfd4-11e2-8f00-96816aeab6a4,old-server,200,200,404,/2013/talk/show/UUID,20131112,20230529,,
/2014/auth,old-server,200,200,404,/2014/auth,,,,認証・投稿系(動的)
/2014/auth/,old-server,200,200,404,/2014/auth/,,,,認証・投稿系(動的)
/2014/event/input,old-server,302,200,404,/2014/event/input,,,5,認証・投稿系(動的)
/2014/individual_sponsors,wayback-only,500,500,404,/2014/individual_sponsors,20140827,20140827,,
/2014/individual_sponsors/,wayback-only,500,500,404,/2014/individual_sponsors/,20140608,20140927,571,
/2014/login,old-server,200,200,404,/2014/login,20140606,20180406,,認証・投稿系(動的)
/2014/logout,old-server,302,200,404,/2014/logout,,,,認証・投稿系(動的)
/2014/member,old-server,302,200,404,/2014/member,,,,認証・投稿系(動的)
/2014/member/,old-server,302,200,404,/2014/member/,,,14,認証・投稿系(動的)
/2014/member/index.html,old-server,302,200,404,/2014/member/*.html,,,557,認証・投稿系(動的)
/2014/member/show/24fd899c-ebf5-11e3-bd6d-c7a06aeab6a4,old-server,200,200,404,/2014/member/show/UUID,20140608,20140608,,
/2014/talk/input?lt=1,old-server,302,200,404,/2014/talk/input?Q,,,10,認証・投稿系(動的)
/2014/talk/show/18016be0-ebf6-11e3-bd6d-c7a06aeab6a4,wayback-only,500,500,404,/2014/talk/show/UUID,20140608,20140608,,
/2014/talk/show/8fc51bb6-0c91-11e4-bd05-9c796aeab6a4,wayback-only,500,500,404,/2014/talk/show/UUID,20140722,20140722,,
/2014/ticket/,old-server,200,200,404,/2014/ticket/,20140531,20200805,,
/2015/en/,old-server,301,200,404,/2015/en/,20141031,20150221,,言語別 index(旧は /2015/ へ転送)
/2015/ja/,old-server,301,200,404,/2015/ja/,20141029,20150219,,言語別 index(旧は /2015/ へ転送)
/2015/login,old-server,200,200,404,/2015/login,20150517,20191114,,認証・投稿系(動的)
/2015/logout,old-server,302,200,404,/2015/logout,,,,認証・投稿系(動的)
/2015/member,old-server,302,200,404,/2015/member,,,549,認証・投稿系(動的)
/2015/member/,old-server,302,200,404,/2015/member/,,,,認証・投稿系(動的)
/2015/member/complete,old-server,200,200,404,/2015/member/complete,20150523,20150523,,認証・投稿系(動的)
/2015/member/show/06414f4a-10c8-11e5-8913-d7f07d574c3a,old-server,200,200,404,/2015/member/show/UUID,,,,
/2015/member/show/0792910a-05ed-11e5-84ca-79c97d574c3a,old-server,200,200,404,/2015/member/show/UUID,,,,
/2015/member/show/08c4158c-1333-11e5-afd3-d9f87d574c3a,old-server,200,200,404,/2015/member/show/UUID,,,,
/2015/member/show/0b94b7ea-135f-11e5-8143-d9f87d574c3a,old-server,200,200,404,/2015/member/show/UUID,,,,
/2015/member/show/1040a2b6-f9fd-11e4-93f5-8ab37d574c3a,old-server,200,200,404,/2015/member/show/UUID,,,,
/2015/member/show/127c513e-0915-11e5-8d2d-67dc7d574c3a,old-server,200,200,404,/2015/member/show/UUID,20160202,20160202,,
/2015/member/show/14626f7a-132d-11e5-a739-d9f87d574c3a,old-server,200,200,404,/2015/member/show/UUID,,,,
/2015/member/show/1734fb9a-001e-11e5-8b15-89c77d574c3a,old-server,200,200,404,/2015/member/show/UUID,,,,
/2015/member/show/19c7551a-0910-11e5-8d2d-67dc7d574c3a,old-server,200,200,404,/2015/member/show/UUID,,,,
/2015/member/show/1b11d7be-f7eb-11e4-8df4-8ab37d574c3a,old-server,200,200,404,/2015/member/show/UUID,,,,
/2015/member/show/1d2bc4b6-fe25-11e4-b637-bdc07d574c3a,old-server,200,200,404,/2015/member/show/UUID,,,,
/2015/member/show/1f9e81ca-037f-11e5-a111-79c97d574c3a,old-server,200,200,404,/2015/member/show/UUID,20150830,20150830,,
/2015/member/show/220b80cc-f621-11e4-90fb-8ab37d574c3a,old-server,200,200,404,/2015/member/show/UUID,20150517,20160805,,
/2015/member/show/264a70ba-fad3-11e4-9e9c-8ab37d574c3a,old-server,200,200,404,/2015/member/show/UUID,20150517,20150517,,
/2015/member/show/271a1690-10fd-11e5-8a27-d7f07d574c3a,old-server,200,200,404,/2015/member/show/UUID,20160327,20160327,,
/2015/member/show/2a922cee-132e-11e5-8ce4-d9f87d574c3a,old-server,200,200,404,/2015/member/show/UUID,,,,
/2015/member/show/2c605f46-0d9d-11e5-b289-67dc7d574c3a,old-server,200,200,404,/2015/member/show/UUID,20150701,20160905,,
/2015/member/show/2e227a44-136a-11e5-8bf3-d9f87d574c3a,old-server,200,200,404,/2015/member/show/UUID,,,,
/2015/member/show/2e657a5c-1369-11e5-8f71-d9f87d574c3a,old-server,200,200,404,/2015/member/show/UUID,,,,
/2015/member/show/324b1952-0044-11e5-a044-89c77d574c3a,old-server,200,200,404,/2015/member/show/UUID,20150526,20150526,,
/2015/member/show/3605df90-f5eb-11e4-91b8-49b37d574c3a,old-server,200,200,404,/2015/member/show/UUID,20150824,20150824,,
/2015/member/show/40a009b8-0431-11e5-af33-79c97d574c3a,old-server,200,200,404,/2015/member/show/UUID,20150830,20221210,,
/2015/member/show/44011ba4-1324-11e5-8a1d-d9f87d574c3a,old-server,200,200,404,/2015/member/show/UUID,,,,
/2015/member/show/4434799c-f77a-11e4-b0ac-8ab37d574c3a,old-server,200,200,404,/2015/member/show/UUID,20150517,20150517,,
/2015/member/show/44d029a0-f7e8-11e4-b2e7-8ab37d574c3a,old-server,200,200,404,/2015/member/show/UUID,20150517,20150517,,
/2015/member/show/4a0edd26-0805-11e5-b2b4-79c97d574c3a,old-server,200,200,404,/2015/member/show/UUID,20160405,20160405,,
/2015/member/show/4f771e26-135f-11e5-908c-d9f87d574c3a,old-server,200,200,404,/2015/member/show/UUID,,,,
/2015/member/show/58772ee6-1367-11e5-b2ed-d9f87d574c3a,old-server,200,200,404,/2015/member/show/UUID,20150624,20150624,,
/2015/member/show/60f16de6-10b2-11e5-b6cf-d7f07d574c3a,old-server,200,200,404,/2015/member/show/UUID,,,,
/2015/member/show/60f86fd4-1345-11e5-8674-d9f87d574c3a,old-server,200,200,404,/2015/member/show/UUID,,,,
/2015/member/show/61374628-0e4a-11e5-b886-67dc7d574c3a,old-server,200,200,404,/2015/member/show/UUID,20160109,20160109,,
/2015/member/show/6290d3a4-0995-11e5-8204-67dc7d574c3a,old-server,200,200,404,/2015/member/show/UUID,,,,
/2015/member/show/69e335c0-0df0-11e5-9b6b-67dc7d574c3a,old-server,200,200,404,/2015/member/show/UUID,,,,
/2015/member/show/6ec83a8a-005e-11e5-bad3-89c77d574c3a,old-server,200,200,404,/2015/member/show/UUID,20150607,20150607,,
/2015/member/show/7355e318-0df6-11e5-9e74-67dc7d574c3a,old-server,200,200,404,/2015/member/show/UUID,20180401,20180401,,
/2015/member/show/7a7bf51a-faa0-11e4-87f0-8ab37d574c3a,old-server,200,200,404,/2015/member/show/UUID,,,,
/2015/member/show/7cd7a900-febd-11e4-bec2-66c47d574c3a,old-server,200,200,404,/2015/member/show/UUID,20160518,20160518,,
/2015/member/show/7d48aa4c-ffa3-11e4-9647-66c47d574c3a,old-server,200,200,404,/2015/member/show/UUID,,,,
/2015/member/show/7dc6f4ac-f778-11e4-b0ac-8ab37d574c3a,old-server,200,200,404,/2015/member/show/UUID,,,,
/2015/member/show/817d733c-0911-11e5-8d2d-67dc7d574c3a,old-server,200,200,404,/2015/member/show/UUID,,,,
/2015/member/show/818083b4-10f6-11e5-a777-d7f07d574c3a,old-server,200,200,404,/2015/member/show/UUID,20151009,20151009,,
/2015/member/show/844f8a44-0f21-11e5-b4e7-43ec7d574c3a,old-server,200,200,404,/2015/member/show/UUID,20150830,20150830,,
/2015/member/show/84b8c244-03c2-11e5-bbcf-79c97d574c3a,old-server,200,200,404,/2015/member/show/UUID,20150614,20150614,,
/2015/member/show/8743844e-09cc-11e5-b27f-67dc7d574c3a,old-server,200,200,404,/2015/member/show/UUID,,,,
/2015/member/show/8785c21a-0f52-11e5-885f-43ec7d574c3a,old-server,200,200,404,/2015/member/show/UUID,20150621,20160611,,
/2015/member/show/88a8f01c-1340-11e5-9984-d9f87d574c3a,old-server,200,200,404,/2015/member/show/UUID,20150630,20150630,,
/2015/member/show/88c7defc-1348-11e5-a608-d9f87d574c3a,old-server,200,200,404,/2015/member/show/UUID,20160423,20160423,,
/2015/member/show/901f930a-136d-11e5-953d-d9f87d574c3a,old-server,200,200,404,/2015/member/show/UUID,20150624,20150624,,
/2015/member/show/9b2e8d00-fd1f-11e4-a405-bdc07d574c3a,old-server,200,200,404,/2015/member/show/UUID,,,,
/2015/member/show/9b8ee500-f65e-11e4-8c21-8ab37d574c3a,old-server,200,200,404,/2015/member/show/UUID,,,,
/2015/member/show/a2132c5c-f608-11e4-adad-8ab37d574c3a,old-server,200,200,404,/2015/member/show/UUID,,,,
/2015/member/show/a31f815e-f603-11e4-a2c6-49b37d574c3a,old-server,200,200,404,/2015/member/show/UUID,20150517,20150517,,
/2015/member/show/a6b671d2-0d1a-11e5-b6d4-67dc7d574c3a,old-server,200,200,404,/2015/member/show/UUID,20150823,20170609,,
/2015/member/show/a7a55d10-f60e-11e4-a661-8ab37d574c3a,old-server,200,200,404,/2015/member/show/UUID,20150517,20150517,,
/2015/member/show/ac31562c-0f7c-11e5-bf1f-43ec7d574c3a,old-server,200,200,404,/2015/member/show/UUID,,,,
/2015/member/show/ad1c45d6-0df3-11e5-9b6b-67dc7d574c3a,old-server,200,200,404,/2015/member/show/UUID,,,,
/2015/member/show/addbf6f4-f626-11e4-82e6-8ab37d574c3a,old-server,200,200,404,/2015/member/show/UUID,20220815,20220815,,
/2015/member/show/b632448c-46f0-11e5-93e3-6ad97d574c3a,old-server,200,200,404,/2015/member/show/UUID,20150822,20150822,,
/2015/member/show/b8e985ae-fefd-11e4-9f66-66c47d574c3a,old-server,200,200,404,/2015/member/show/UUID,20150523,20150523,,
/2015/member/show/b91aee40-f783-11e4-9961-8ab37d574c3a,old-server,200,200,404,/2015/member/show/UUID,,,,
/2015/member/show/ba098126-036e-11e5-a0aa-79c97d574c3a,old-server,200,200,404,/2015/member/show/UUID,20150529,20220815,,
/2015/member/show/bc2011ae-09af-11e5-8cd2-67dc7d574c3a,old-server,200,200,404,/2015/member/show/UUID,,,,
/2015/member/show/c0030514-1360-11e5-8143-d9f87d574c3a,old-server,200,200,404,/2015/member/show/UUID,20150624,20150624,,
/2015/member/show/c024a8ca-f959-11e4-b360-8ab37d574c3a,old-server,200,200,404,/2015/member/show/UUID,20150517,20150517,,
/2015/member/show/c08c42cc-f5e5-11e4-85ed-d2b27d574c3a,old-server,200,200,404,/2015/member/show/UUID,,,,
/2015/member/show/c9350512-f6fd-11e4-9864-8ab37d574c3a,old-server,200,200,404,/2015/member/show/UUID,20160918,20160918,,
/2015/member/show/d1bc2e2e-fd40-11e4-842c-bdc07d574c3a,old-server,200,200,404,/2015/member/show/UUID,20150522,20150522,,
/2015/member/show/d3301bc6-134d-11e5-bdaa-d9f87d574c3a,old-server,200,200,404,/2015/member/show/UUID,,,,
/2015/member/show/d6a692a4-1333-11e5-a8b2-d9f87d574c3a,old-server,200,200,404,/2015/member/show/UUID,20150618,20150618,,
/2015/member/show/d8397ca0-1336-11e5-ba0d-d9f87d574c3a,old-server,200,200,404,/2015/member/show/UUID,,,,
/2015/member/show/d994b0c6-0763-11e5-b332-79c97d574c3a,old-server,200,200,404,/2015/member/show/UUID,,,,
/2015/member/show/e3d5e1fc-f90a-11e4-975c-8ab37d574c3a,old-server,200,200,404,/2015/member/show/UUID,20150517,20151108,,
/2015/member/show/e3de52fe-1306-11e5-be58-d9f87d574c3a,old-server,200,200,404,/2015/member/show/UUID,,,,
/2015/member/show/e491d2ac-f7a4-11e4-a916-8ab37d574c3a,old-server,200,200,404,/2015/member/show/UUID,20150621,20160328,,
/2015/member/show/e6e250a2-1358-11e5-8c2b-d9f87d574c3a,old-server,200,200,404,/2015/member/show/UUID,20221210,20221210,,
/2015/member/show/e9c194ac-1328-11e5-a739-d9f87d574c3a,old-server,200,200,404,/2015/member/show/UUID,20150624,20160329,,
/2015/member/show/eca603f8-0b1a-11e5-ab80-67dc7d574c3a,old-server,200,200,404,/2015/member/show/UUID,20150615,20150615,,
/2015/member/show/ee976d88-1339-11e5-94e4-d9f87d574c3a,old-server,200,200,404,/2015/member/show/UUID,20150618,20150618,,
/2015/member/show/f31e9eba-0daf-11e5-8187-67dc7d574c3a,old-server,200,200,404,/2015/member/show/UUID,20151227,20160330,,
/2015/member/show/fd66f54e-125e-11e5-a2ab-d9f87d574c3a,old-server,200,200,404,/2015/member/show/UUID,20151217,20151217,,
/2015/talk/input,old-server,302,200,404,/2015/talk/input,,,,認証・投稿系(動的)
/2015/talk/input?lang=en,old-server,302,200,404,/2015/talk/input?Q,,,5,認証・投稿系(動的)
/2015/talk/input?lang=ja,old-server,302,200,404,/2015/talk/input?Q,,,5,認証・投稿系(動的)
/2015/talk/input?lt=1,old-server,302,200,404,/2015/talk/input?Q,,,5,認証・投稿系(動的)
/2015/talk/input?lt=1&lang=en,old-server,302,200,404,/2015/talk/input?Q,,,5,認証・投稿系(動的)
/2015/talk/show/034c0d1e-10d4-11e5-9c9b-d7f07d574c3a,old-server,200,200,404,/2015/talk/show/UUID,20150612,20151114,,
/2015/talk/show/04a4c95c-0fea-11e5-9a0f-d7f07d574c3a,old-server,200,200,404,/2015/talk/show/UUID,20150611,20150611,,
/2015/talk/show/0974fb38-facc-11e4-9382-8ab37d574c3a,old-server,200,200,404,/2015/talk/show/UUID,20150515,20190616,,
/2015/talk/show/0dcfc436-133d-11e5-9f77-d9f87d574c3a,old-server,200,200,404,/2015/talk/show/UUID,20150615,20221127,,
/2015/talk/show/0f62694a-1354-11e5-8eb4-d9f87d574c3a,old-server,200,200,404,/2015/talk/show/UUID,20150615,20160308,,
/2015/talk/show/139ba374-47ec-11e5-9e63-b2e17d574c3a,wayback-only,403,403,404,/2015/talk/show/UUID,20190508,20190508,,
/2015/talk/show/16b65b5a-0064-11e5-9c42-89c77d574c3a,old-server,200,200,404,/2015/talk/show/UUID,20160313,20160313,,
/2015/talk/show/1be822d8-0f83-11e5-b022-43ec7d574c3a,old-server,200,200,404,/2015/talk/show/UUID,20160318,20221127,,
/2015/talk/show/1c7648fa-1344-11e5-8c7c-d9f87d574c3a,old-server,200,200,404,/2015/talk/show/UUID,20150618,20150618,,
/2015/talk/show/1ddceae2-133e-11e5-9831-d9f87d574c3a,old-server,200,200,404,/2015/talk/show/UUID,20160129,20160306,,
/2015/talk/show/1de1adc8-1165-11e5-b6ef-d7f07d574c3a,old-server,200,200,404,/2015/talk/show/UUID,20150629,20150629,,
/2015/talk/show/1e976f9e-0046-11e5-a69c-89c77d574c3a,old-server,200,200,404,/2015/talk/show/UUID,20150522,20221205,,
/2015/talk/show/1effc02c-136e-11e5-8887-d9f87d574c3a,old-server,200,200,404,/2015/talk/show/UUID,20150623,20150623,,
/2015/talk/show/205b57a0-135b-11e5-8725-d9f87d574c3a,old-server,200,200,404,/2015/talk/show/UUID,20150818,20230510,,
/2015/talk/show/20a090d0-1113-11e5-bbd3-d7f07d574c3a,old-server,200,200,404,/2015/talk/show/UUID,20150612,20221226,,
/2015/talk/show/23fa9706-0e40-11e5-829d-67dc7d574c3a,old-server,200,200,404,/2015/talk/show/UUID,20150609,20150610,,
/2015/talk/show/280c1b4e-fad6-11e4-9fca-8ab37d574c3a,old-server,200,200,404,/2015/talk/show/UUID,20150517,20150518,,
/2015/talk/show/28f713a4-fbeb-11e4-9fa6-8ab37d574c3a,old-server,200,200,404,/2015/talk/show/UUID,20170213,20170213,,
/2015/talk/show/2934a672-134e-11e5-9ef4-d9f87d574c3a,old-server,200,200,404,/2015/talk/show/UUID,20170502,20221225,,
/2015/talk/show/2a4efafe-136b-11e5-9923-d9f87d574c3a,old-server,200,200,404,/2015/talk/show/UUID,20150615,20221206,,
/2015/talk/show/315b6296-134e-11e5-a45c-d9f87d574c3a,old-server,200,200,404,/2015/talk/show/UUID,20160421,20160421,,
/2015/talk/show/32e7a270-1360-11e5-b2ec-d9f87d574c3a,old-server,200,200,404,/2015/talk/show/UUID,20150615,20150615,,
/2015/talk/show/33e44cfe-132f-11e5-9b4c-d9f87d574c3a,old-server,200,200,404,/2015/talk/show/UUID,20150615,20150615,,
/2015/talk/show/38d1c04a-0766-11e5-bf81-79c97d574c3a,old-server,200,200,404,/2015/talk/show/UUID,20150531,20190523,,
/2015/talk/show/39d5cf28-1273-11e5-8540-d9f87d574c3a,old-server,200,200,404,/2015/talk/show/UUID,20160902,20161011,,
/2015/talk/show/3cf2bee2-1358-11e5-b64e-d9f87d574c3a,old-server,200,200,404,/2015/talk/show/UUID,20150615,20221205,,
/2015/talk/show/3d2d946a-0979-11e5-9800-67dc7d574c3a,old-server,200,200,404,/2015/talk/show/UUID,20150602,20221206,,
/2015/talk/show/3d46659a-136e-11e5-b36d-d9f87d574c3a,old-server,200,200,404,/2015/talk/show/UUID,20150623,20150623,,
/2015/talk/show/3ea83132-1352-11e5-9978-d9f87d574c3a,old-server,200,200,404,/2015/talk/show/UUID,20150615,20221206,,
/2015/talk/show/441c0b72-036f-11e5-851f-79c97d574c3a,old-server,200,200,404,/2015/talk/show/UUID,20150526,20221225,,
/2015/talk/show/4491bfc8-11d6-11e5-ac0f-d7f07d574c3a,old-server,200,200,404,/2015/talk/show/UUID,20150618,20150618,,
/2015/talk/show/4d9157b2-110b-11e5-9b5f-d7f07d574c3a,old-server,200,200,404,/2015/talk/show/UUID,20150612,20160307,,
/2015/talk/show/4e5bf7f2-1362-11e5-8e54-d9f87d574c3a,old-server,200,200,404,/2015/talk/show/UUID,20221226,20221226,,
/2015/talk/show/53507dd6-1101-11e5-b6f3-d7f07d574c3a,old-server,200,200,404,/2015/talk/show/UUID,20160907,20221226,,
/2015/talk/show/5ccd78be-4879-11e5-ad76-8fe87d574c3a,wayback-only,403,403,404,/2015/talk/show/UUID,20160811,20170426,,
/2015/talk/show/5d70d0da-1346-11e5-8d94-d9f87d574c3a,old-server,200,200,404,/2015/talk/show/UUID,20150615,20221205,,
/2015/talk/show/607595a2-0df3-11e5-b447-67dc7d574c3a,old-server,200,200,404,/2015/talk/show/UUID,20150608,20221128,,
/2015/talk/show/66960c2c-1330-11e5-9c0d-d9f87d574c3a,old-server,200,200,404,/2015/talk/show/UUID,20150615,20221225,,
/2015/talk/show/69b973e2-0de2-11e5-918e-67dc7d574c3a,old-server,200,200,404,/2015/talk/show/UUID,20220117,20220117,,
/2015/talk/show/6b582f7e-0228-11e5-b3ca-79c97d574c3a,old-server,200,200,404,/2015/talk/show/UUID,20150525,20220929,,
/2015/talk/show/71d63de6-0e4e-11e5-954d-67dc7d574c3a,old-server,200,200,404,/2015/talk/show/UUID,20160109,20221226,,
/2015/talk/show/724bde16-46e3-11e5-850a-6ad97d574c3a,wayback-only,403,403,404,/2015/talk/show/UUID,20150820,20190531,,
/2015/talk/show/7e6296c4-f95c-11e4-b00c-8ab37d574c3a,old-server,200,200,404,/2015/talk/show/UUID,20150516,20150516,,
/2015/talk/show/863b55e8-47f9-11e5-a695-b2e17d574c3a,wayback-only,403,403,404,/2015/talk/show/UUID,20150824,20150824,,
/2015/talk/show/86fa062e-135a-11e5-a432-d9f87d574c3a,old-server,200,200,404,/2015/talk/show/UUID,20150615,20221206,,
/2015/talk/show/885d66a2-f607-11e4-b5a3-8ab37d574c3a,old-server,200,200,404,/2015/talk/show/UUID,20150517,20221205,,
/2015/talk/show/8f1aad32-474d-11e5-a80e-c7de7d574c3a,wayback-only,403,403,404,/2015/talk/show/UUID,20150824,20160320,,
/2015/talk/show/909af06e-05ed-11e5-8e9a-79c97d574c3a,old-server,200,200,404,/2015/talk/show/UUID,20221226,20221226,,
/2015/talk/show/93f39c88-ffa4-11e4-aa4d-66c47d574c3a,old-server,200,200,404,/2015/talk/show/UUID,20150521,20190518,,
/2015/talk/show/94359334-0b59-11e5-995a-67dc7d574c3a,old-server,200,200,404,/2015/talk/show/UUID,20150614,20150614,,
/2015/talk/show/94d4e442-0f56-11e5-9049-43ec7d574c3a,old-server,200,200,404,/2015/talk/show/UUID,20150620,20160712,,
/2015/talk/show/9672d326-1344-11e5-8c52-d9f87d574c3a,old-server,200,200,404,/2015/talk/show/UUID,20150615,20221206,,
/2015/talk/show/96a8932c-f62e-11e4-8734-8ab37d574c3a,old-server,200,200,404,/2015/talk/show/UUID,20150517,20150517,,
/2015/talk/show/992a85e2-f912-11e4-938b-8ab37d574c3a,old-server,200,200,404,/2015/talk/show/UUID,20150516,20151023,,
/2015/talk/show/9a3fdc26-136a-11e5-9b96-d9f87d574c3a,old-server,200,200,404,/2015/talk/show/UUID,20150615,20150617,,
/2015/talk/show/9a9c08cc-0d1e-11e5-b03a-67dc7d574c3a,old-server,200,200,404,/2015/talk/show/UUID,20160711,20221226,,
/2015/talk/show/9d2d46c8-0dcd-11e5-b407-67dc7d574c3a,old-server,200,200,404,/2015/talk/show/UUID,20150608,20230326,,
/2015/talk/show/a0044cc4-130a-11e5-b0c6-d9f87d574c3a,old-server,200,200,404,/2015/talk/show/UUID,20150615,20221205,,
/2015/talk/show/a4e034cc-1366-11e5-b199-d9f87d574c3a,old-server,200,200,404,/2015/talk/show/UUID,20151216,20160923,,
/2015/talk/show/a7e23d1c-fd42-11e4-ab7e-bdc07d574c3a,old-server,200,200,404,/2015/talk/show/UUID,20150518,20221205,,
/2015/talk/show/a80e57c8-133e-11e5-93ad-d9f87d574c3a,old-server,200,200,404,/2015/talk/show/UUID,20150615,20221206,,
/2015/talk/show/a86f10a6-136e-11e5-8ced-d9f87d574c3a,old-server,200,200,404,/2015/talk/show/UUID,20150623,20150623,,
/2015/talk/show/a9d3d0ba-0d1c-11e5-bb9e-67dc7d574c3a,old-server,200,200,404,/2015/talk/show/UUID,20221225,20221225,,
/2015/talk/show/ab502452-46e2-11e5-b6a6-6ad97d574c3a,wayback-only,403,403,404,/2015/talk/show/UUID,20150820,20190609,,
/2015/talk/show/acf32b5e-135e-11e5-963f-d9f87d574c3a,old-server,200,200,404,/2015/talk/show/UUID,20160201,20160306,,
/2015/talk/show/b77b07ba-47dc-11e5-9eaf-b2e17d574c3a,wayback-only,500,500,404,/2015/talk/show/UUID,20150821,20170822,,
/2015/talk/show/b9e8b650-135c-11e5-bd7f-d9f87d574c3a,old-server,200,200,404,/2015/talk/show/UUID,20150615,20150615,,
/2015/talk/show/bbb0162a-0350-11e5-bb2f-79c97d574c3a,old-server,200,200,404,/2015/talk/show/UUID,20150526,20221225,,
/2015/talk/show/bbc315de-4795-11e5-8fd0-b2e17d574c3a,wayback-only,403,403,404,/2015/talk/show/UUID,20150824,20150824,,
/2015/talk/show/c2f85686-0df5-11e5-9e74-67dc7d574c3a,old-server,200,200,404,/2015/talk/show/UUID,20150609,20150613,,
/2015/talk/show/c495bb3c-1340-11e5-b434-d9f87d574c3a,old-server,200,200,404,/2015/talk/show/UUID,20150615,20230527,,
/2015/talk/show/c77d5164-1301-11e5-910c-d9f87d574c3a,old-server,200,200,404,/2015/talk/show/UUID,,,,
/2015/talk/show/c9546112-1347-11e5-ad02-d9f87d574c3a,old-server,200,200,404,/2015/talk/show/UUID,20150828,20221225,,
/2015/talk/show/cbe92afe-12a5-11e5-8fc1-d9f87d574c3a,old-server,200,200,404,/2015/talk/show/UUID,20150623,20180330,,
/2015/talk/show/cd2c903e-1333-11e5-898e-d9f87d574c3a,old-server,200,200,404,/2015/talk/show/UUID,20150615,20221226,,
/2015/talk/show/ce0167b6-10f7-11e5-8178-d7f07d574c3a,old-server,200,200,404,/2015/talk/show/UUID,20150612,20221205,,
/2015/talk/show/d09049ce-1369-11e5-a8b5-d9f87d574c3a,old-server,200,200,404,/2015/talk/show/UUID,20230130,20230130,,
/2015/talk/show/d78f1c60-0814-11e5-b740-79c97d574c3a,old-server,200,200,404,/2015/talk/show/UUID,20150601,20161011,,
/2015/talk/show/e4791a94-f7ec-11e4-8787-8ab37d574c3a,old-server,200,200,404,/2015/talk/show/UUID,20150516,20221225,,
/2015/talk/show/e537ca5e-46dc-11e5-a4d4-6ad97d574c3a,wayback-only,403,403,404,/2015/talk/show/UUID,20150820,20190604,,
/2015/talk/show/e8e1c67a-003f-11e5-8fd5-89c77d574c3a,old-server,200,200,404,/2015/talk/show/UUID,20150618,20190523,,
/2015/talk/show/eb00b7a8-091e-11e5-8224-67dc7d574c3a,old-server,200,200,404,/2015/talk/show/UUID,20221206,20221206,,
/2015/talk/show/ec228764-1329-11e5-953f-d9f87d574c3a,old-server,200,200,404,/2015/talk/show/UUID,20150615,20221226,,
/2015/talk/show/f168bf54-10b3-11e5-b640-d7f07d574c3a,old-server,200,200,404,/2015/talk/show/UUID,20150612,20170502,,
/2015/talk/show/f279d804-0efd-11e5-bc53-43ec7d574c3a,old-server,200,200,404,/2015/talk/show/UUID,20150610,20221207,,
/2015/talk/show/f561dd26-1369-11e5-a050-d9f87d574c3a,old-server,200,200,404,/2015/talk/show/UUID,,,,
/2015/talk/show/f5b888b2-1344-11e5-b22a-d9f87d574c3a,old-server,200,200,404,/2015/talk/show/UUID,20150615,20221206,,
/2015/talk/show/f887eb70-f7e5-11e4-9737-8ab37d574c3a,old-server,200,200,404,/2015/talk/show/UUID,20150517,20151026,,
/2015/talk/show/f93bc956-1333-11e5-ad76-d9f87d574c3a,old-server,200,200,404,/2015/talk/show/UUID,20150615,20150615,,
/2015/talk/show/f9d63700-0d22-11e5-ae59-67dc7d574c3a,old-server,200,200,404,/2015/talk/show/UUID,20221226,20221226,,
/2015/talk/show/fbb5d464-1000-11e5-8165-d7f07d574c3a,old-server,200,200,404,/2015/talk/show/UUID,20150611,20220929,,
/2015/vote/ballot,old-server,302,200,404,/2015/vote/ballot,,,2,認証・投稿系(動的)
